username;first_name;last_name;email;;Password
cgrinsted0;Caroljean;Grinsted;cgrinsted0@51.la;;lT5)YDIYwB|n1
nielden1;Nolie;Ielden;nielden1@ebay.com;;uX9#(h3oy
daitcheson2;Dennie;Aitcheson;daitcheson2@oaic.gov.au;;fO1*hj`o@.t6G>
ttearney3;Timi;Tearney;ttearney3@com.com;;yB9}K1O~f(gK
jwarn4;Jess;Warn;jwarn4@csmonitor.com;;dT2=Jm)\X{
sjadczak5;Steward;Jadczak;sjadczak5@admin.ch;;iS9(0*|.y=x!
pbruckman6;Petronille;Bruckman;pbruckman6@cbc.ca;;vA6<te=F/
ngoodinge7;Nanine;Goodinge;ngoodinge7@wunderground.com;;aG6((~~5>/P*C
lhavenhand8;Leisha;Havenhand;lhavenhand8@fda.gov;;dS9?5AfIqnI7P63d
kpavia9;Koren;Pavia;kpavia9@altervista.org;;rH9*CroJAik*>!M3
djacmarda;Dalt;Jacmard;djacmarda@surveymonkey.com;;lO9)_0`c/&h
hglasgowb;Hashim;Glasgow;hglasgowb@eventbrite.com;;rI0}9X}rXwm(FDQ
swranklingc;Stefanie;Wrankling;swranklingc@rediff.com;;sS8/00Mk~ns$Ua#a
cjosselsohnd;Clim;Josselsohn;cjosselsohnd@liveinternet.ru;;vG6&N`#=4VW{4vBC
cayshforde;Colman;Ayshford;cayshforde@yale.edu;;iA9}0#J3z
bbenglef;Barby;Bengle;bbenglef@thetimes.co.uk;;aP9,<'GLaR`)!
ngentnerg;Nari;Gentner;ngentnerg@ezinearticles.com;;aI5{CYyIA8Rok
vslocombh;Vania;Slocomb;vslocombh@is.gd;;mE0&@!MzVl
nthoresbyi;Nathanael;Thoresby;nthoresbyi@alexa.com;;"yC8_w""LF_""G"
npantingj;Nolan;Panting;npantingj@fda.gov;;zJ8|>45%rB
bnevink;Barbaraanne;Nevin;bnevink@rediff.com;;xZ4$t}r.?FMn
rlodyl;Roy;Lody;rlodyl@adobe.com;;yN7)EE*&e5D
edambrosiom;El;D'Ambrosio;edambrosiom@redcross.org;;gI2)Ve+C~ALs~
cglenistern;Constantino;Glenister;cglenistern@123-reg.co.uk;;eT1|yvP)d1jc|3
ksatcho;Kimmie;Satch;ksatcho@washingtonpost.com;;vX5`e4_G'+9=b&z
pklemtp;Prescott;Klemt;pklemtp@sun.com;;gW0!7s|i+&53h
aginieq;Allegra;Ginie;aginieq@about.me;;lB0$wmY(uFS#
glowselyr;Griswold;Lowsely;glowselyr@hexun.com;;dU8<9G&f
aetchells;Aindrea;Etchell;aetchells@odnoklassniki.ru;;sF2@,qJ?
ajalest;Antonin;Jales;ajalest@sun.com;;qA9?jERq|B`<#
akubeckau;Abey;Kubecka;akubeckau@psu.edu;;eA5(M\ffySjY$
nwaldiev;Nevin;Waldie;nwaldiev@hostgator.com;;yX9\7jjBZ<?tJA
pinglesew;Pierce;Inglese;pinglesew@feedburner.com;;lF4)CJk7U&c
mdonohoex;Melita;Donohoe;mdonohoex@barnesandnoble.com;;zM7}rtdeiND1&Cbx
tsilbery;Thurstan;Silber;tsilbery@yahoo.co.jp;;gU3}@Uv~
cgantleyz;Ceil;Gantley;cgantleyz@geocities.com;;zH3,!hC$O
mbrudenell10;Muire;Brudenell;mbrudenell10@mediafire.com;;"hI3""W}X2VofQ>SH"
gmcrobert11;Griffy;McRobert;gmcrobert11@cdc.gov;;vC2<t,\>CnO5K
cstoffels12;Cyril;Stoffels;cstoffels12@w3.org;;dH7&'%d8&#
twiggam13;Trever;Wiggam;twiggam13@unicef.org;;pW7'FYeO
mbrownhall14;Mayor;Brownhall;mbrownhall14@nsw.gov.au;;hM2$sS(2f{}*Z>?
phonnan15;Pasquale;Honnan;phonnan15@google.es;;iE8&D3Xmc(DgolUX
shinckes16;Sonia;Hinckes;shinckes16@rakuten.co.jp;;"vY9.5ZM""Pr"
mkovnot17;Maddalena;Kovnot;mkovnot17@cam.ac.uk;;eF5>PM84|)Fcn}
gwehnerr18;Grace;Wehnerr;gwehnerr18@biglobe.ne.jp;;bR8|%0_UC@>
wsmalcombe19;Willi;Smalcombe;wsmalcombe19@scribd.com;;gQ7`n+Q(
kisselee1a;Kial;Isselee;kisselee1a@weebly.com;;"bB1_ogi0jNEd2"""
mnorheny1b;Mel;Norheny;mnorheny1b@omniture.com;;aL3=ao'%pE3ck
ekitchingman1c;Ebonee;Kitchingman;ekitchingman1c@cam.ac.uk;;qL1_nqxB|HY`C
kdalwis1d;Kellina;D'Alwis;kdalwis1d@youtu.be;;tW4{uYEK`L{1
emaudsley1e;Elsie;Maudsley;emaudsley1e@nasa.gov;;sD5='Vfo
grizzardi1f;Giselle;Rizzardi;grizzardi1f@admin.ch;;xZ2/>D,L0
epernell1g;Esmaria;Pernell;epernell1g@archive.org;;kL9_y=/}r
sarnott1h;Scarlett;Arnott;sarnott1h@prweb.com;;rG1=2r9Ie(baq$L
asherreard1i;Allis;Sherreard;asherreard1i@furl.net;;kX3~or)K
dbarriball1j;Dorthy;Barriball;dbarriball1j@dedecms.com;;"lG6.f!{TB"""
bfrisch1k;Brocky;Frisch;bfrisch1k@purevolume.com;;zM4(J6|WUWe\?a0
fwordington1l;Fergus;Wordington;fwordington1l@lycos.com;;cD3?nQMX
tsprade1m;Tani;Sprade;tsprade1m@example.com;;"yR0})gtOsP/S4U""1"
ahinkes1n;Austin;Hinkes;ahinkes1n@studiopress.com;;lZ0?stl{o
jyablsley1o;Judye;Yablsley;jyablsley1o@ed.gov;;oQ6|*WppGO
keastup1p;Kinna;Eastup;keastup1p@cloudflare.com;;kT7_f8o)&|J'
mbarraclough1q;Manya;Barraclough;mbarraclough1q@woothemes.com;;bR8%#Dn>>o
lpaulazzi1r;Lynna;Paulazzi;lpaulazzi1r@ehow.com;;yN8/OG`VUFk)@
dguyan1s;Dunn;Guyan;dguyan1s@eepurl.com;;"xC9""p1Xg$"
hboner1t;Hussein;Boner;hboner1t@netlog.com;;gX9~7#QIen!8
ddarville1u;Dahlia;Darville;ddarville1u@columbia.edu;;vQ3}Md5)
kandrys1v;Kendre;Andrys;kandrys1v@cocolog-nifty.com;;wC3'/R'2b)
atobias1w;Adara;Tobias;atobias1w@icq.com;;kC7/sEwdM
vfacer1x;Vanna;Facer;vfacer1x@xrea.com;;yS6=yl%`OsL<f
cackery1y;Cosimo;Ackery;cackery1y@blogs.com;;nC1@)lZbqSq9.Be
omotton1z;Otes;Motton;omotton1z@mit.edu;;kF1`+_Hs}f
ryakushkin20;Rawley;Yakushkin;ryakushkin20@usa.gov;;jC5%8Jbm#YD$Ld(
fcrannage21;Fern;Crannage;fcrannage21@webeden.co.uk;;wL8)*$w{B,(9l
dtallquist22;Donnie;Tallquist;dtallquist22@twitpic.com;;yT7*TBHK\8ZD1
jmouat23;Jarred;Mouat;jmouat23@goo.gl;;"iA5*Y7&"""
ccrolly24;Claiborn;Crolly;ccrolly24@homestead.com;;bM6!JysB=Iq~(5
rconaghy25;Regen;Conaghy;rconaghy25@mozilla.com;;vP3@BU},%r21?{df
smontfort26;Scott;Montfort;smontfort26@umn.edu;;tG7}t1E=etaTJj/#
dbrewitt27;Dora;Brewitt;dbrewitt27@ezinearticles.com;;uX0&Ok.J4D
tguitonneau28;Tanner;Guitonneau;tguitonneau28@ebay.com;;cD5%f=c{2
klewcock29;Kevon;Lewcock;klewcock29@furl.net;;zS8$wKE3mF6A6o
bdoyly2a;Bella;D'Oyly;bdoyly2a@dmoz.org;;iA6@Yf/p
lkrol2b;Lauritz;Krol;lkrol2b@unblog.fr;;aW9@?X%a2a`H{
csailer2c;Cathrine;Sailer;csailer2c@reddit.com;;wB3@gw.b{NZE>&
lswayton2d;Layney;Swayton;lswayton2d@washingtonpost.com;;xR3=dKOOycQ2hGFU
cvelasquez2e;Constancy;Velasquez;cvelasquez2e@telegraph.co.uk;;jL3@{H5i
mslobom2f;Magdalena;Slobom;mslobom2f@google.pl;;oD3<iq.\&%\BL7
emuttock2g;Elwood;Muttock;emuttock2g@mac.com;;mD6>%4bNapN
ldyer2h;Lorry;Dyer;ldyer2h@canalblog.com;;"qA2{Qh""on%h"
mjurgensen2i;Moishe;Jurgensen;mjurgensen2i@yahoo.com;;bV6+'$yXHg
lwratten2j;Lina;Wratten;lwratten2j@wp.com;;pP4!MckXee
wdutt2k;Will;Dutt;wdutt2k@cbsnews.com;;hW0*$COcrUAzA
pmatussevich2l;Pamella;Matussevich;pmatussevich2l@slideshare.net;;rF3(qF*jCiOOC$
dsword2m;Darline;Sword;dsword2m@howstuffworks.com;;pY5*1g&X#mX4PN0
sdavenhill2n;Shea;Davenhill;sdavenhill2n@paginegialle.it;;vO7,K2g5~hnJYJ+Z
thellin2o;Theodoric;Hellin;thellin2o@alexa.com;;"hV5""}/jL#du"
lwynrehame2p;Lurette;Wynrehame;lwynrehame2p@hugedomains.com;;"lL2?&g""dKMK\"
schirm2q;Stefania;Chirm;schirm2q@mashable.com;;jQ5%p+b11u<UV(
mrizzelli2r;Melvin;Rizzelli;mrizzelli2r@army.mil;;dP3_|Ko7QivYc
spitkeathley2s;Sarge;Pitkeathley;spitkeathley2s@digg.com;;dT0(rUGGrbY
vadney2t;Val;Adney;vadney2t@google.pl;;eJ0}6j4\a`cx!_.l
bguiel2u;Berkly;Guiel;bguiel2u@nytimes.com;;bT6,}>u|lq2O'
acollip2v;Aurie;Collip;acollip2v@vimeo.com;;eB5&`4EkR|GTdP
vknudsen2w;Velma;Knudsen;vknudsen2w@netscape.com;;oA4}5Vt'gxg
mdunsire2x;Meryl;Dunsire;mdunsire2x@dot.gov;;gF8+We!1R4EgBjm.
kluke2y;Keenan;Luke;kluke2y@storify.com;;mN3()oQC
bdufaur2z;Borg;Dufaur;bdufaur2z@msn.com;;fG7$l)GE7lTS
lseiter30;Lombard;Seiter;lseiter30@t-online.de;;"jZ6}4<b"""
jheliot31;Joelie;Heliot;jheliot31@addthis.com;;dD2>>avAw
hgilhespy32;Harley;Gilhespy;hgilhespy32@admin.ch;;jQ2)w.'4x(d}
cbakhrushin33;Concordia;Bakhrushin;cbakhrushin33@umich.edu;;eY9)%?H<
pdoucette34;Paige;Doucette;pdoucette34@unicef.org;;dL2#bOcnMM{VJ7
lram35;Langston;Ram;lram35@bizjournals.com;;zT4)=<ux
oloader36;Odette;Loader;oloader36@vk.com;;mR8%gIrB
dcapponer37;Damian;Capponer;dcapponer37@etsy.com;;sK7<_J`UE
mdymidowski38;Marcela;Dymidowski;mdymidowski38@nifty.com;;"wJ8.|X1""@FM"
alamba39;Abeu;Lamba;alamba39@sun.com;;eD3>He_lBh+1jz`D
ralesbrook3a;Roseanna;Alesbrook;ralesbrook3a@springer.com;;tZ0*{!y{+>#AMP2
knewman3b;Kinny;Newman;knewman3b@scientificamerican.com;;"aC1++n#YJ"""
cfernely3c;Charil;Fernely;cfernely3c@unicef.org;;aE6~o\M*O`PU!
fgiercke3d;Felicdad;Giercke;fgiercke3d@archive.org;;zQ5,Qmd?qw
cbrower3e;Colly;Brower;cbrower3e@arizona.edu;;fQ8?lH5s\JXX1!
ydeinert3f;Yetty;Deinert;ydeinert3f@xing.com;;"pM6/)2>Zw?j.y""4"
phazeltine3g;Pauli;Hazeltine;phazeltine3g@businesswire.com;;nI2>JiB/WLNe*a
mdonlon3h;Morse;Donlon;mdonlon3h@xinhuanet.com;;mX4_Pw)X@'`60P#
dellaman3i;Dael;Ellaman;dellaman3i@trellian.com;;gU9?Og/uN!3i
ayukhnin3j;Arther;Yukhnin;ayukhnin3j@symantec.com;;aV1}`8?aW)\gd3?
aragbourne3k;Abbe;Ragbourne;aragbourne3k@jimdo.com;;vE0>EC/jQw7~roWT
hsanto3l;Huntington;Santo;hsanto3l@webnode.com;;mD6+IJwDeuQ
nsicily3m;Nadeen;Sicily;nsicily3m@cyberchimps.com;;bO3{m2$*9iwq
sfranciskiewicz3n;Stesha;Franciskiewicz;sfranciskiewicz3n@youku.com;;dI5$zJT%
efritschel3o;Eryn;Fritschel;efritschel3o@mit.edu;;bU5+n}+L/Gi
nbenedetti3p;Nolly;Benedetti;nbenedetti3p@vkontakte.ru;;iE2).Sa.
qcastellaccio3q;Quincy;Castellaccio;qcastellaccio3q@elpais.com;;qO5<_4hd
gcolquitt3r;Geri;Colquitt;gcolquitt3r@blogger.com;;tR3%Clw)Jg{
mdeverson3s;Madalena;Deverson;mdeverson3s@dailymotion.com;;yX5&5%5CRRs&H
aallix3t;Aubrey;Allix;aallix3t@disqus.com;;"eB1@4M""+<H0"
dmcgeraghty3u;Danya;McGeraghty;dmcgeraghty3u@pagesperso-orange.fr;;wV5)8IDah>LR)W
kambroix3v;Keir;Ambroix;kambroix3v@nymag.com;;wC5+BU\{,j>1ynD
mkliemchen3w;Minne;Kliemchen;mkliemchen3w@reference.com;;pM8@#KYG.sW\0XOR
dvallentine3x;Douglas;Vallentine;dvallentine3x@opensource.org;;rK9+28WjM
hgyse3y;Hansiain;Gyse;hgyse3y@seesaa.net;;kF9=ET\hi
scroysdale3z;Sauveur;Croysdale;scroysdale3z@360.cn;;dW8.gS%Bu75
lgueinn40;Llywellyn;Gueinn;lgueinn40@timesonline.co.uk;;bT8,#qj={ZG5v#}
dfarny41;Daile;Farny;dfarny41@list-manage.com;;mP0({7H1
lchasson42;Leshia;Chasson;lchasson42@51.la;;pO1%%&Uk
sbattman43;Simeon;Battman;sbattman43@about.me;;bY4)qWgs)1FVG
hvogel44;Harmonie;Vogel;hvogel44@usatoday.com;;xJ9?iK,&49'q'#
aackery45;Ailyn;Ackery;aackery45@storify.com;;oQ2.<Sr3E
cberrecloth46;Camella;Berrecloth;cberrecloth46@europa.eu;;bK9(L,RWemRF{@`
ikynsey47;Ilyssa;Kynsey;ikynsey47@soundcloud.com;;iM2{xvO4
pcreffeild48;Patricio;Creffeild;pcreffeild48@sun.com;;bY3#(iKY\9/2h
escotting49;Ezmeralda;Scotting;escotting49@mashable.com;;eP5%ZKmL
krylands4a;Kristoforo;Rylands;krylands4a@ucsd.edu;;lC4!cP{)*h%/>7
rshepherdson4b;Roselin;Shepherdson;rshepherdson4b@reference.com;;zO9?C}PqQN~HX
mcarlyle4c;Moshe;Carlyle;mcarlyle4c@intel.com;;iY6|wD_NOdlM(
kabrehart4d;Katalin;Abrehart;kabrehart4d@wunderground.com;;cV3/.r)ZKJ(khV$8
sbeteriss4e;Sebastien;Beteriss;sbeteriss4e@opensource.org;;zE7>\xyI0'sEAiE
kdaal4f;Kinnie;Daal;kdaal4f@ustream.tv;;oF2>2l_l4A!r
swasiel4g;Sherm;Wasiel;swasiel4g@virginia.edu;;dK9(E.d+{FYb
acrone4h;Alfredo;Crone;acrone4h@yellowbook.com;;"sW8??)g'!""(e"
csawbridge4i;Cyrillus;Sawbridge;csawbridge4i@google.nl;;sH4$I=~<&a28Ol
ltunnick4j;Lewie;Tunnick;ltunnick4j@constantcontact.com;;qR2_054IN
dmeffin4k;Dallas;Meffin;dmeffin4k@reference.com;;nB8>hI+5+&6T&`{
hnutter4l;Helsa;Nutter;hnutter4l@etsy.com;;hU1.f8U'
sschach4m;Shelton;Schach;sschach4m@ehow.com;;yQ4=5n)U.o_eE
kbennit4n;Krystalle;Bennit;kbennit4n@unicef.org;;jZ9#fk0$`(GQ
tkench4o;Tobit;Kench;tkench4o@paginegialle.it;;cU0\<fjjZP/Os
apilkington4p;Ardelia;Pilkington;apilkington4p@usatoday.com;;uZ7{A#*<k
rauton4q;Reba;Auton;rauton4q@auda.org.au;;iR7~A.`>
javes4r;Jammal;Aves;javes4r@tiny.cc;;lL7$j7uE'p{u|m
aandrieu4s;Andros;Andrieu;aandrieu4s@si.edu;;zV2)$6qAZq6
tmorrilly4t;Tomi;Morrilly;tmorrilly4t@instagram.com;;oO1{qqMi
nmagee4u;Nesta;Magee;nmagee4u@nationalgeographic.com;;jB5(CO64kC
wwerrilow4v;Webb;Werrilow;wwerrilow4v@apache.org;;qJ6<+vn9B.+
stissell4w;Scarface;Tissell;stissell4w@squarespace.com;;sP6@~ke%JY
vjerred4x;Verile;Jerred;vjerred4x@bandcamp.com;;xR9!=<?|\
calfwy4y;Cinda;Alfwy;calfwy4y@addthis.com;;lP0._RB74s1<'7/
ldrews4z;Lonni;Drews;ldrews4z@ihg.com;;"cR4*$CJS""M}QLRZ+"
ryitzovitz50;Ruthi;Yitzovitz;ryitzovitz50@independent.co.uk;;wQ4?<F)lk&LX|Sa
osheed51;Osbert;Sheed;osheed51@washington.edu;;iF9<lQ=3&!u(
smacrae52;Siana;Macrae;smacrae52@ibm.com;;nO5+y%}3Z4l
sbrack53;Seward;Brack;sbrack53@tripod.com;;yY9+Sb+7XsoZP
rmauro54;Rosanne;Mauro;rmauro54@myspace.com;;bF1$RN|%Si/`'$g
mshimuk55;Mason;Shimuk;mshimuk55@google.es;;zN2+=p$zhet4Xg
fbathersby56;Findlay;Bathersby;fbathersby56@prlog.org;;"jO7""88Tc"
ryatman57;Rodolph;Yatman;ryatman57@pen.io;;dR5%FbQz(UW
hgloyens58;Hadria;Gloyens;hgloyens58@pbs.org;;fN2_T<699S_
egallafant59;Eustacia;Gallafant;egallafant59@examiner.com;;vZ2_cDEaG
hcamsey5a;Halley;Camsey;hcamsey5a@comcast.net;;oM0(a`,u9sJGAZ
lfrankis5b;Lucho;Frankis;lfrankis5b@privacy.gov.au;;kX9))aPva&,<}Jef
mcoggill5c;Marcel;Coggill;mcoggill5c@aol.com;;wR5`f7#rD
dhoulaghan5d;Domeniga;Houlaghan;dhoulaghan5d@yellowpages.com;;oT7'47?{3c%_q5XE
ecutts5e;Emelda;Cutts;ecutts5e@is.gd;;jE9)6a'M%p.
jspours5f;Jo-anne;Spours;jspours5f@intel.com;;tP7&7wO02QrwLUh
kberinger5g;Kin;Beringer;kberinger5g@google.ru;;uF6*$NhBhs
jgaymer5h;Jeanna;Gaymer;jgaymer5h@marriott.com;;jV7@XV*2|cN'
dhenlon5i;Derril;Henlon;dhenlon5i@nasa.gov;;wV3'HE4t4@R37M/
kcornier5j;Kari;Cornier;kcornier5j@altervista.org;;cX4$=M}/N
